"team.name","roster","league","division","team.payroll","w","l","wpct","rank","lgrk","mlb.rk","last.yr.payroll","top.salary","year","CostPerWin","Att. Rank","Home.Games","Total","Average","Away.Games","Away.Average","Total.Games","Total.Average","Revenue.in.Millions"
"Arizona Diamondbacks","team roster","NL","West",90158500,81,81,0.5,2,7,16,"74,284,833","Miguel Montero (92)",2013,1113067.90123457,22,81,"2,134,795","26,355",81,"33,054",162,"29,705",195
"Arizona Diamondbacks","team roster","NL","West",112688666,64,98,0.395,5,15,30,"90,158,500","Aaron Hill (93)",2014,1760760.40625,22,81,"2,073,730","25,601",79,"31,481",160,"28,504",192
"Arizona Diamondbacks","team roster","NL","West",65770333,79,83,0.488,3,8,18,"112,688,666","Aaron Hill (88)",2015,832535.860759494,23,81,"2,080,145","25,680",80,"32,654",161,"29,146",211
"Arizona Diamondbacks","team roster","NL","West",98657436,69,93,0.426,4,12,25,"65,770,333","Zack Greinke (2)",2016,1429817.91304348,21,81,"2,036,216","25,138",81,"32,701",162,"28,920",223
"Arizona Diamondbacks","team roster","NL","West",90730499,93,69,0.574,2,3,5,"98,657,436","Zack Greinke (2)",2017,975596.76344086,20,81,"2,134,375","26,350",81,"31,939",162,"29,144",253
"Arizona Diamondbacks","team roster","NL","West",132495446,82,80,0.506,3,9,15,"90,730,499","Zack Greinke (3)",2018,1615798.12195122,16,81,"2,242,695","27,687",81,"31,832",162,"29,760",258
"Arizona Diamondbacks","team roster","NL","West",123932983,85,77,0.525,2,7,13,"132,495,446","Zack Greinke (4)",2019,1458035.09411765,17,81,"2,135,510","26,364",81,"28,993",162,"27,678",275
"Arizona Diamondbacks","team roster","NL","West",94394792,52,110,0.321,5,15,30,"86,471,066","Madison Bumgarner (55)",2021,1815284.46153846,24,81,"1,043,010","12,876",80,"20,081",161,"16,456",118
"Atlanta Braves","team roster","NL","East",89288193,96,66,0.593,1,2,3,"83,309,942","Dan Uggla (55)",2013,930085.34375,13,81,"2,548,679","31,465",81,"30,845",162,"31,155",225
"Atlanta Braves","team roster","NL","East",110897341,79,83,0.488,2,8,17,"89,288,193","Justin Upton (56)",2014,1403763.81012658,18,81,"2,354,305","29,065",81,"30,804",162,"29,934",253
"Atlanta Braves","team roster","NL","East",89622648,67,95,0.414,4,13,28,"110,897,341","Trevor Cahill (84)",2015,1337651.46268657,24,80,"2,001,392","25,017",81,"29,699",161,"27,373",267
"Atlanta Braves","team roster","NL","East",84821541,68,93,0.422,5,13,26,"89,622,648","Freddie Freeman (88)",2016,1247375.60294118,22,81,"2,020,914","24,949",80,"28,026",161,"26,478",266
"Atlanta Braves","team roster","NL","East",137339527,72,90,0.444,3,10,23,"84,821,541","Matt Kemp (18)",2017,1907493.43055556,13,81,"2,505,252","30,929",79,"29,230",160,"30,090",275
"Atlanta Braves","team roster","NL","East",120542785,90,72,0.556,1,5,11,"137,339,527","Freddie Freeman (29)",2018,1339364.27777778,12,81,"2,555,781","31,552",81,"27,826",162,"29,689",336
"Atlanta Braves","team roster","NL","East",113778369,97,65,0.599,1,2,5,"120,542,785","Josh Donaldson (21)",2019,1172972.87628866,12,81,"2,654,920","32,776",80,"28,829",161,"30,815",344
"Atlanta Braves","team roster","NL","East",132458375,88,73,0.547,1,5,12,"149,466,875","Freddie Freeman (29)",2021,1505208.80681818,2,78,"2,300,247","29,490",78,"17,968",156,"23,729",132
"Baltimore Orioles","team roster","AL","East",91793333,85,77,0.525,4,9,14,"81,428,999","Nick Markakis (38)",2013,1079921.56470588,18,81,"2,357,561","29,105",81,"28,627",162,"28,866",206
"Baltimore Orioles","team roster","AL","East",107406623,96,66,0.593,1,2,3,"91,793,333","Adam Jones (69)",2014,1118818.98958333,13,80,"2,464,473","30,805",81,"29,671",161,"30,235",198
"Baltimore Orioles","team roster","AL","East",118862632,81,81,0.5,3,9,16,"107,406,623","Adam Jones (67)",2015,1467439.90123457,19,79,"2,320,590","29,374",81,"28,714",160,"29,040",245
"Baltimore Orioles","team roster","AL","East",147943713,89,73,0.549,2,5,7,"118,862,632","Chris Davis (43)",2016,1662288.91011236,20,81,"2,172,344","26,819",81,"31,796",162,"29,307",239
"Baltimore Orioles","team roster","AL","East",161684185,75,87,0.463,5,13,20,"147,943,713","Chris Davis (47)",2017,2155789.13333333,23,81,"2,028,424","25,042",81,"29,457",162,"27,250",253
"Baltimore Orioles","team roster","AL","East",143600045,47,115,0.29,5,15,30,"161,684,185","Chris Davis (49)",2018,3055320.10638298,26,78,"1,564,192","20,053",81,"27,204",159,"23,696",252
"Baltimore Orioles","team roster","AL","East",72722906,54,108,0.333,5,14,29,"143,600,045","Chris Davis (32)",2019,1346720.48148148,28,80,"1,307,807","16,347",78,"25,484",158,"20,858",251
"Baltimore Orioles","team roster","AL","East",56158500,52,110,0.321,5,15,29,"52,415,682","Trey Mancini (220)",2021,1079971.15384615,26,78,"793,229","10,169",80,"16,390",158,"13,319",115
"Boston Red Sox","team roster","AL","East",158967286,97,65,0.599,1,1,2,"173,186,617","John Lackey (35)",2013,1638838,9,81,"2,833,333","34,979",81,"33,045",162,"34,012",336
"Boston Red Sox","team roster","AL","East",162817411,71,91,0.438,5,12,25,"158,967,286","Jake Peavy (34)",2014,2293202.97183099,6,81,"2,956,089","36,494",81,"31,867",162,"34,181",357
"Boston Red Sox","team roster","AL","East",168691914,78,84,0.481,5,11,19,"162,817,411","Hanley Ramirez (27)",2015,2162716.84615385,7,81,"2,880,694","35,564",81,"32,263",162,"33,913",370
"Boston Red Sox","team roster","AL","East",199864178,93,69,0.574,1,3,5,"168,691,914","David Price (3)",2016,2149077.1827957,8,81,"2,955,434","36,486",81,"32,290",162,"34,388",398
"Boston Red Sox","team roster","AL","East",174287098,93,69,0.574,1,3,6,"199,864,178","David Price (3)",2017,1874054.8172043,9,81,"2,917,678","36,020",81,"31,563",162,"33,792",434
"Boston Red Sox","team roster","AL","East",235649368,108,54,0.667,1,1,1,"174,287,098","David Price (4)",2018,2181938.59259259,9,81,"2,895,575","35,747",81,"29,992",162,"32,870",453
"Boston Red Sox","team roster","AL","East",222171123,84,78,0.519,3,7,15,"235,649,368","David Price (5)",2019,2644894.32142857,7,81,"2,924,627","36,106",81,"28,027",162,"32,066",516
"Boston Red Sox","team roster","AL","East",179540260,92,70,0.568,2,5,7,"120,361,000","Justin Verlander (6)",2021,1951524.56521739,11,81,"1,725,323","21,300",80,"19,693",161,"20,501",152
"Chicago Cubs","team roster","NL","Central",104150726,66,96,0.407,5,14,26,"88,197,033","Alfonso Soriano (21)",2013,1578041.3030303,12,81,"2,642,682","32,625",81,"32,159",162,"32,392",275
"Chicago Cubs","team roster","NL","Central",89007857,73,89,0.451,5,13,22,"104,150,726","Edwin Jackson (70)",2014,1219285.71232877,11,81,"2,652,113","32,742",81,"33,096",162,"32,919",266
"Chicago Cubs","team roster","NL","Central",117164522,97,65,0.599,3,3,3,"89,007,857","Jon Lester (24)",2015,1207881.67010309,6,81,"2,959,812","36,540",80,"34,422",161,"35,488",302
"Chicago Cubs","team roster","NL","Central",167444167,103,58,0.64,1,1,1,"117,164,522","Jon Lester (24)",2016,1625671.52427184,5,81,"3,232,420","39,906",81,"35,052",162,"37,479",340
"Chicago Cubs","team roster","NL","Central",170088502,92,70,0.568,1,4,7,"167,444,167","Jason Heyward (18)",2017,1848788.06521739,6,81,"3,199,562","39,500",81,"34,460",162,"36,980",434
"Chicago Cubs","team roster","NL","Central",183463459,95,68,0.583,2,2,6,"170,088,502","Yu Darvish (11)",2018,1931194.30526316,5,82,"3,181,089","38,793",80,"32,800",162,"35,834",457
"Chicago Cubs","team roster","NL","Central",210358488,84,78,0.519,3,8,14,"183,463,459","Jon Lester (12)",2019,2504267.71428571,4,81,"3,094,865","38,208",81,"33,454",162,"35,831",452
"Chicago Cubs","team roster","NL","Central",156481585,71,91,0.438,4,11,24,"188,959,500","Jason Heyward (34)",2021,2203965.98591549,9,81,"1,978,934","24,431",81,"22,637",162,"23,534",163
"Chicago White Sox","team roster","AL","Central",124065277,63,99,0.389,5,14,28,"96,919,500","Jake Peavy (32)",2013,1969290.11111111,24,80,"1,768,413","22,105",81,"27,333",161,"24,735",216
"Chicago White Sox","team roster","AL","Central",91159254,73,89,0.451,4,11,24,"124,065,277","John Danks (43)",2014,1248756.90410959,28,79,"1,650,821","20,896",81,"28,519",160,"24,755",210
"Chicago White Sox","team roster","AL","Central",110712866,76,86,0.469,4,13,21,"91,159,254","John Danks (49)",2015,1456748.23684211,26,80,"1,755,810","21,947",80,"29,030",160,"25,489",227
"Chicago White Sox","team roster","AL","Central",115998667,78,84,0.481,4,11,19,"110,712,866","John Danks (64)",2016,1487162.3974359,26,80,"1,746,293","21,828",81,"28,188",161,"25,028",240
"Chicago White Sox","team roster","AL","Central",109591167,67,95,0.414,4,14,27,"115,998,667","James Shields (23)",2017,1635689.05970149,27,79,"1,629,470","20,626",81,"28,443",160,"24,583",269
"Chicago White Sox","team roster","AL","Central",72177640,62,100,0.383,4,13,28,"109,591,167","James Shields (29)",2018,1164155.48387097,25,80,"1,608,817","20,110",80,"26,240",160,"23,175",266
"Chicago White Sox","team roster","AL","Central",89354534,72,89,0.447,3,10,21,"72,177,640","Jose Abreu (66)",2019,1241035.19444444,23,76,"1,629,636","21,442",81,"24,384",157,"22,960",272
"Chicago White Sox","team roster","AL","Central",127148334,93,69,0.574,1,3,6,"120,898,499","Yasmani Grandal (50)",2021,1367186.38709677,14,78,"1,596,385","20,466",80,"16,576",158,"18,496",124
"Cincinnati Reds","team roster","NL","Central",110565728,90,72,0.556,3,5,11,"82,203,616","Joey Votto (22)",2013,1228508.08888889,15,81,"2,534,369","31,288",80,"32,890",161,"32,084",202
"Cincinnati Reds","team roster","NL","Central",112390772,76,86,0.469,4,11,21,"110,565,728","Joey Votto (79)",2014,1478825.94736842,14,81,"2,476,664","30,576",81,"32,140",162,"31,358",209
"Cincinnati Reds","team roster","NL","Central",117732284,64,98,0.395,5,14,29,"112,390,772","Joey Votto (58)",2015,1839566.9375,18,81,"2,419,506","29,870",80,"32,075",161,"30,965",227
"Cincinnati Reds","team roster","NL","Central",93171452,68,94,0.42,5,15,28,"117,732,284","Joey Votto (24)",2016,1370168.41176471,25,81,"1,894,085","23,383",81,"31,895",162,"27,639",237
"Cincinnati Reds","team roster","NL","Central",82375785,68,94,0.42,5,13,26,"93,171,452","Joey Votto (14)",2017,1211408.60294118,26,81,"1,836,917","22,677",81,"32,094",162,"27,386",229
"Cincinnati Reds","team roster","NL","Central",101185579,67,95,0.414,5,13,24,"82,375,785","Joey Votto (11)",2018,1510232.52238806,24,81,"1,629,356","20,115",81,"29,918",162,"25,017",243
"Cincinnati Reds","team roster","NL","Central",126423214,75,87,0.463,4,11,19,"101,185,579","Joey Votto (15)",2019,1685642.85333333,19,81,"1,808,685","22,329",81,"30,425",162,"26,377",257
"Cincinnati Reds","team roster","NL","Central",123575488,83,79,0.512,3,6,14,"143,143,673","Joey Votto (20)",2021,1488861.30120482,17,81,"1,505,024","18,580",81,"19,527",162,"19,054",114
"Cleveland Indians","team roster","AL","Central",82517300,92,70,0.568,2,4,8,"78,430,300","Nick Swisher (78)",2013,896927.173913043,28,80,"1,572,926","19,661",80,"28,234",160,"23,947",186
"Cleveland Indians","team roster","AL","Central",82534800,85,77,0.525,3,7,12,"82,517,300","Nick Swisher (51)",2014,970997.647058823,29,78,"1,437,393","18,428",81,"29,107",159,"23,868",196
"Cleveland Indians","team roster","AL","Central",87746766,81,80,0.503,3,8,15,"82,534,800","Nick Swisher (53)",2015,1083293.40740741,29,78,"1,388,905","17,806",81,"29,150",159,"23,585",207
"Cleveland Indians","team roster","AL","Central",98006899,94,67,0.584,1,2,4,"87,746,766","Carlos Santana (144)",2016,1042626.58510638,28,81,"1,591,667","19,650",79,"26,940",160,"23,249",220
"Cleveland Indians","team roster","AL","Central",115991166,102,60,0.63,1,1,2,"98,006,899","Edwin Encarnacion (83)",2017,1137168.29411765,22,81,"2,048,138","25,285",80,"27,729",161,"26,499",271
"Cleveland Indians","team roster","AL","Central",137346173,91,71,0.562,1,5,8,"115,991,166","Josh Donaldson (17)",2018,1509298.6043956,21,80,"1,926,701","24,083",81,"26,088",161,"25,092",284
"Cleveland Indians","team roster","AL","Central",119241701,93,69,0.574,2,6,8,"137,346,173","Carlos Santana (34)",2019,1282168.82795699,21,79,"1,738,642","22,008",81,"24,944",160,"23,494",282
"Cleveland Indians","team roster","AL","Central",51269100,80,82,0.494,2,9,16,"89,004,234","Trevor Rosenthal (113)",2021,640863.75,21,77,"1,114,368","14,472",80,"16,264",157,"15,385",117
"Colorado Rockies","team roster","NL","West",75449071,74,88,0.457,5,12,20,"78,069,571","Jorge De La Rosa (78)",2013,1019582.04054054,10,81,"2,793,828","34,491",81,"32,669",162,"33,580",199
"Colorado Rockies","team roster","NL","West",95832071,66,96,0.407,4,14,29,"75,449,071","Troy Tulowitzki (35)",2014,1452001.07575758,10,81,"2,680,329","33,090",81,"31,659",162,"32,375",197
"Colorado Rockies","team roster","NL","West",98261171,68,94,0.42,5,12,26,"95,832,071","Troy Tulowitzki (24)",2015,1445017.22058824,14,80,"2,506,789","31,334",81,"30,962",161,"31,147",214
"Colorado Rockies","team roster","NL","West",113242571,75,87,0.463,3,9,20,"98,261,171","Carlos Gonzalez (43)",2016,1509900.94666667,11,81,"2,602,524","32,129",81,"31,464",162,"31,796",227
"Colorado Rockies","team roster","NL","West",101513571,87,75,0.537,3,5,9,"113,242,571","Carlos Gonzalez (27)",2017,1166822.65517241,8,81,"2,953,650","36,464",81,"30,575",162,"33,520",248
"Colorado Rockies","team roster","NL","West",141339833,91,72,0.558,2,4,9,"101,513,571","Ian Desmond (21)",2018,1553184.97802198,7,81,"3,015,880","37,233",82,"31,607",163,"34,402",266
"Colorado Rockies","team roster","NL","West",147433009,71,91,0.438,4,12,23,"141,339,833","Nolan Arenado (13)",2019,2076521.25352113,6,81,"2,993,244","36,953",81,"30,528",162,"33,741",291
"Colorado Rockies","team roster","NL","West",110309500,74,87,0.46,4,10,21,"136,399,833","Charlie Blackmon (34)",2021,1490668.91891892,7,78,"1,938,645","24,854",79,"20,252",157,"22,539",109
"Detroit Tigers","team roster","AL","Central",149046844,93,69,0.574,1,3,6,"132,300,000","Prince Fielder (6)",2013,1602654.23655914,6,81,"3,083,397","38,066",81,"28,024",162,"33,045",238
"Detroit Tigers","team roster","AL","Central",162228527,90,72,0.556,1,3,6,"149,046,844","Miguel Cabrera (13)",2014,1802539.18888889,7,81,"2,917,209","36,014",81,"28,800",162,"32,407",262
"Detroit Tigers","team roster","AL","Central",172792250,74,87,0.46,5,14,22,"162,228,527","Justin Verlander (2)",2015,2335030.40540541,9,81,"2,726,048","33,654",79,"29,719",160,"31,711",254
"Detroit Tigers","team roster","AL","Central",199525500,86,75,0.534,2,6,11,"172,792,250","Miguel Cabrera (4)",2016,2320063.95348837,13,80,"2,493,859","31,173",81,"28,313",161,"29,734",268
"Detroit Tigers","team roster","AL","Central",180250600,64,98,0.395,5,15,29,"199,525,500","Justin Verlander (4)",2017,2816415.625,16,81,"2,321,599","28,661",80,"26,725",161,"27,699",275
"Detroit Tigers","team roster","AL","Central",129917192,64,98,0.395,3,12,26,"180,250,600","Miguel Cabrera (4)",2018,2029956.125,22,80,"1,856,970","23,212",80,"26,157",160,"24,685",277
"Detroit Tigers","team roster","AL","Central",116478400,47,114,0.292,5,15,30,"129,917,192","Miguel Cabrera (7)",2019,2478263.82978723,25,80,"1,501,430","18,767",79,"24,826",159,"21,778",276
"Detroit Tigers","team roster","AL","Central",80866200,77,85,0.475,3,11,19,"96,832,300","Miguel Cabrera (11)",2021,1050210.38961039,23,81,"1,102,623","13,612",79,"16,359",160,"14,968",111
"Houston Astros","team roster","AL","West",24328538,51,111,0.315,5,15,30,"60,651,000","Bud Norris (286)",2013,477030.156862745,27,81,"1,651,883","20,393",81,"27,574",162,"23,983",196
"Houston Astros","team roster","AL","West",44544174,70,92,0.432,4,14,26,"24,328,538","Scott Feldman (79)",2014,636345.342857143,26,81,"1,751,829","21,627",81,"27,191",162,"24,409",186
"Houston Astros","team roster","AL","West",69064200,86,76,0.531,2,5,10,"44,544,174","Scott Feldman (113)",2015,803072.093023256,22,81,"2,153,585","26,587",81,"28,121",162,"27,354",175
"Houston Astros","team roster","AL","West",96643000,84,78,0.519,3,9,14,"69,064,200","Colby Rasmus (53)",2016,1150511.9047619,17,81,"2,306,623","28,476",81,"28,041",162,"28,258",270
"Houston Astros","team roster","AL","West",127443900,101,61,0.623,1,2,3,"96,643,000","Brian McCann (47)",2017,1261820.79207921,15,81,"2,403,671","29,674",79,"27,678",160,"28,689",299
"Houston Astros","team roster","AL","West",159529730,103,59,0.636,1,2,2,"127,443,900","Justin Verlander (8)",2018,1548832.33009709,8,81,"2,980,549","36,796",80,"28,842",161,"32,844",347
"Houston Astros","team roster","AL","West",160774666,107,55,0.66,1,1,1,"159,529,730","Justin Verlander (9)",2019,1502566.97196262,9,81,"2,857,367","35,276",80,"26,302",161,"30,817",368
"Houston Astros","team roster","AL","West",176495417,95,67,0.586,1,2,4,"212,321,933","Zack Greinke (13)",2021,1857846.49473684,6,81,"2,068,509","25,537",81,"17,947",162,"21,742",126
"Kansas City Royals","team roster","AL","Central",80491725,86,76,0.531,3,7,12,"60,916,225","Ervin Santana (57)",2013,935950.290697674,26,81,"1,750,754","21,614",81,"27,433",162,"24,523",169
"Kansas City Royals","team roster","AL","Central",92034345,89,73,0.549,2,4,7,"80,491,725","James Shields (65)",2014,1034093.76404494,25,81,"1,956,482","24,154",81,"26,872",162,"25,513",178
"Kansas City Royals","team roster","AL","Central",112914525,95,67,0.586,1,1,4,"92,034,345","Alex Gordon (64)",2015,1188573.94736842,10,81,"2,708,549","33,438",81,"27,681",162,"30,560",231
"Kansas City Royals","team roster","AL","Central",137606125,81,81,0.5,3,10,16,"112,914,525","Alex Gordon (88)",2016,1698841.04938272,12,81,"2,557,712","31,576",81,"27,979",162,"29,778",273
"Kansas City Royals","team roster","AL","Central",132091916,80,82,0.494,3,8,13,"137,606,125","Alex Gordon (51)",2017,1651148.95,17,80,"2,220,370","27,754",80,"28,458",160,"28,106",246
"Kansas City Royals","team roster","AL","Central",129967987,58,104,0.358,5,14,29,"132,091,916","Alex Gordon (34)",2018,2240827.36206897,23,81,"1,665,107","20,556",80,"24,262",161,"22,398",245
"Kansas City Royals","team roster","AL","Central",100658316,59,103,0.364,4,13,27,"129,967,987","Alex Gordon (35)",2019,1706073.15254237,26,80,"1,479,659","18,495",80,"25,072",160,"21,783",244
"Kansas City Royals","team roster","AL","Central",89496700,74,88,0.457,4,12,22,"83,278,225","Danny Duffy (69)",2021,1209414.86486486,22,81,"1,159,613","14,316",80,"16,222",161,"15,263",109
"Los Angeles Angels","team roster","AL","West",142165250,78,84,0.481,3,10,17,"154,485,166","Josh Hamilton (24)",2013,1822631.41025641,7,81,"3,019,505","37,277",81,"27,588",162,"32,432",239
"Los Angeles Angels","team roster","AL","West",155692000,98,64,0.605,1,1,1,"142,165,250","Albert Pujols (10)",2014,1588693.87755102,5,81,"3,095,935","38,221",80,"28,174",161,"33,229",253
"Los Angeles Angels","team roster","AL","West",146449583,85,77,0.525,3,6,11,"155,692,000","Albert Pujols (7)",2015,1722936.27058824,5,81,"3,012,765","37,194",81,"28,958",162,"33,076",304
"Los Angeles Angels","team roster","AL","West",166831190,74,88,0.457,4,12,21,"146,449,583","Albert Pujols (6)",2016,2254475.54054054,7,81,"3,016,142","37,236",81,"28,676",162,"32,956",312
"Los Angeles Angels","team roster","AL","West",143965833,80,82,0.494,2,6,15,"166,831,190","Albert Pujols (6)",2017,1799572.9125,7,81,"3,019,583","37,278",81,"27,663",162,"32,471",350
"Los Angeles Angels","team roster","AL","West",174592209,80,82,0.494,4,8,17,"143,965,833","Mike Trout (1)",2018,2182402.6125,6,81,"3,020,216","37,286",81,"28,034",162,"32,660",334
"Los Angeles Angels","team roster","AL","West",159378583,72,90,0.444,4,11,22,"174,592,209","Mike Trout (3)",2019,2213591.43055556,5,81,"3,023,010","37,321",81,"26,849",162,"32,085",348
"Los Angeles Angels","team roster","AL","West",180609676,77,85,0.475,4,10,18,"176,329,344","Mike Trout (1)",2021,2345580.20779221,16,81,"1,512,033","18,667",81,"19,075",162,"18,871",141
"Los Angeles Dodgers","team roster","NL","West",216302909,92,70,0.568,1,4,7,"95,143,575","Adrian Gonzalez (9)",2013,2351118.57608696,1,81,"3,743,527","46,216",81,"35,348",162,"40,782",245
"Los Angeles Dodgers","team roster","NL","West",235295219,94,68,0.58,1,2,4,"216,302,909","Zack Greinke (1)",2014,2503140.62765957,1,81,"3,782,337","46,695",81,"33,830",162,"40,262",293
"Los Angeles Dodgers","team roster","NL","West",230352402,92,70,0.568,1,4,6,"235,295,219","Clayton Kershaw (1)",2015,2503830.45652174,1,81,"3,764,815","46,479",81,"34,525",162,"40,502",403
"Los Angeles Dodgers","team roster","NL","West",253639162,91,71,0.562,1,3,6,"230,352,402","Clayton Kershaw (1)",2016,2787243.53846154,1,81,"3,703,312","45,719",81,"32,959",162,"39,339",438
"Los Angeles Dodgers","team roster","NL","West",187989811,104,58,0.642,1,1,1,"253,639,162","Clayton Kershaw (1)",2017,1807594.33653846,1,81,"3,765,856","46,492",81,"33,579",162,"40,035",462
"Los Angeles Dodgers","team roster","NL","West",186138211,92,71,0.564,1,3,7,"187,989,811","Clayton Kershaw (2)",2018,2023241.42391304,1,82,"3,857,500","47,042",80,"33,239",162,"40,226",522
"Los Angeles Dodgers","team roster","NL","West",196729548,106,56,0.654,1,1,2,"186,138,211","Clayton Kershaw (5)",2019,1855939.13207547,1,81,"3,974,309","49,065",81,"33,427",162,"41,246",549
"Los Angeles Dodgers","team roster","NL","West",241372403,106,56,0.654,2,2,2,"189,065,000","David Price (8)",2021,2277098.14150943,1,81,"2,804,693","34,625",81,"25,163",162,"29,894",185
"Miami Marlins","team roster","NL","East",39621900,62,100,0.383,5,15,29,"118,078,000","Ricky Nolasco (76)",2013,639062.903225806,29,81,"1,586,322","19,584",80,"30,091",161,"24,805",195
"Miami Marlins","team roster","NL","East",47565400,77,85,0.475,4,9,19,"39,621,900","Giancarlo Stanton (177)",2014,617732.467532468,27,81,"1,732,283","21,386",81,"28,892",162,"25,139",159
"Miami Marlins","team roster","NL","East",84637500,71,91,0.438,3,10,24,"47,565,400","Martin Prado (102)",2015,1192077.46478873,28,81,"1,752,235","21,632",80,"29,215",161,"25,400",188
"Miami Marlins","team roster","NL","East",70464500,79,82,0.491,3,7,17,"84,637,500","Martin Prado (99)",2016,891955.696202532,27,80,"1,712,417","21,405",81,"28,510",161,"24,979",199
"Miami Marlins","team roster","NL","East",115348302,77,85,0.475,2,8,18,"70,464,500","Giancarlo Stanton (65)",2017,1498029.8961039,28,81,"1,651,997","20,395",80,"29,160",161,"24,750",206
"Miami Marlins","team roster","NL","East",98826644,63,98,0.391,5,15,27,"115,348,302","Martin Prado (77)",2018,1568676.88888889,30,81,"811,104","10,013",79,"28,917",160,"19,347",219
"Miami Marlins","team roster","NL","East",72449404,57,105,0.352,5,15,28,"98,826,644","Wei-Yin Chen (43)",2019,1271042.1754386,30,81,"811,302","10,016",80,"27,812",161,"18,858",224
"Miami Marlins","team roster","NL","East",57481750,67,95,0.414,4,12,25,"47,861,700","Starling Marte (88)",2021,857936.567164179,30,81,"642,617","7,933",79,"18,015",160,"12,911",96
"Milwaukee Brewers","team roster","NL","Central",91003366,74,88,0.457,4,11,21,"97,653,944","Rickie Weeks (78)",2013,1229775.21621622,16,81,"2,531,105","31,248",81,"31,094",162,"31,171",201
"Milwaukee Brewers","team roster","NL","Central",103844806,82,80,0.506,3,6,15,"91,003,366","Aramis Ramirez (50)",2014,1266400.07317073,8,81,"2,797,384","34,535",81,"32,328",162,"33,432",197
"Milwaukee Brewers","team roster","NL","Central",98683035,68,94,0.42,4,11,25,"103,844,806","Aramis Ramirez (58)",2015,1451221.10294118,13,81,"2,542,558","31,389",81,"31,634",162,"31,511",226
"Milwaukee Brewers","team roster","NL","Central",62964319,73,89,0.451,4,10,22,"98,683,035","Ryan Braun (35)",2016,862524.917808219,16,81,"2,314,614","28,575",81,"30,954",162,"29,764",234
"Milwaukee Brewers","team roster","NL","Central",61020089,86,76,0.531,2,6,10,"62,964,319","Ryan Braun (36)",2017,709535.918604651,10,81,"2,558,722","31,589",81,"30,530",162,"31,060",239
"Milwaukee Brewers","team roster","NL","Central",90237112,96,67,0.589,1,1,5,"61,020,089","Ryan Braun (41)",2018,939969.916666667,10,81,"2,850,875","35,195",81,"29,000",162,"32,098",255
"Milwaukee Brewers","team roster","NL","Central",124755400,89,73,0.549,2,5,11,"90,237,112","Yasmani Grandal (54)",2019,1401746.06741573,8,81,"2,923,333","36,090",81,"29,727",162,"32,909",288
"Milwaukee Brewers","team roster","NL","Central",93818038,95,67,0.586,1,3,5,"97,535,926","Lorenzo Cain (61)",2021,987558.294736842,10,81,"1,824,282","22,522",81,"19,548",162,"21,035",104
"Minnesota Twins","team roster","AL","Central",75562500,66,96,0.407,4,13,27,"94,085,000","Joe Mauer (6)",2013,1144886.36363636,17,81,"2,477,644","30,588",81,"27,022",162,"28,805",214
"Minnesota Twins","team roster","AL","Central",85776500,70,92,0.432,5,13,27,"75,562,500","Joe Mauer (10)",2014,1225378.57142857,19,81,"2,250,606","27,785",79,"26,943",160,"27,369",221
"Minnesota Twins","team roster","AL","Central",108262000,83,79,0.512,2,7,14,"85,776,500","Joe Mauer (12)",2015,1304361.44578313,20,81,"2,220,054","27,408",80,"29,306",161,"28,351",223
"Minnesota Twins","team roster","AL","Central",104591200,59,103,0.364,5,15,30,"108,262,000","Joe Mauer (12)",2016,1772732.20338983,23,81,"1,963,912","24,245",81,"27,357",162,"25,801",240
"Minnesota Twins","team roster","AL","Central",100787500,85,77,0.525,2,5,11,"104,591,200","Joe Mauer (10)",2017,1185735.29411765,21,80,"2,051,279","25,640",80,"27,797",160,"26,719",249
"Minnesota Twins","team roster","AL","Central",131374996,78,84,0.481,2,9,19,"100,787,500","Joe Mauer (17)",2018,1684294.82051282,20,80,"1,959,197","24,489",81,"27,017",161,"25,761",261
"Minnesota Twins","team roster","AL","Central",121276933,101,61,0.623,1,3,4,"131,374,996","Nelson Cruz (83)",2019,1200761.71287129,15,81,"2,294,152","28,322",80,"23,505",161,"25,928",269
"Minnesota Twins","team roster","AL","Central",125153166,73,89,0.451,5,13,23,"127,610,333","Josh Donaldson (32)",2021,1714426.93150685,19,80,"1,310,199","16,377",79,"17,219",159,"16,795",111
"New York Mets","team roster","NL","East",88877033,74,88,0.457,3,10,22,"93,353,983","David Wright (88)",2013,1201040.98648649,21,80,"2,135,657","26,695",81,"30,628",161,"28,674",232
"New York Mets","team roster","NL","East",89051758,79,83,0.488,3,7,16,"88,877,033","David Wright (22)",2014,1127237.44303797,21,80,"2,148,808","26,860",81,"32,217",161,"29,555",238
"New York Mets","team roster","NL","East",100133953,90,72,0.556,1,5,7,"89,051,758","David Wright (30)",2015,1112599.47777778,12,81,"2,569,753","31,725",81,"30,693",162,"31,209",263
"New York Mets","team roster","NL","East",130612115,87,75,0.537,2,5,10,"100,133,953","David Wright (24)",2016,1501288.67816092,9,80,"2,789,602","34,870",80,"30,791",160,"32,830",313
"New York Mets","team roster","NL","East",176284679,70,92,0.432,4,12,25,"130,612,115","Yoenis Cespedes (11)",2017,2518352.55714286,14,80,"2,460,622","30,757",81,"30,372",161,"30,563",332
"New York Mets","team roster","NL","East",155765125,77,85,0.475,4,11,20,"176,284,679","Yoenis Cespedes (7)",2018,2022923.7012987,15,79,"2,224,995","28,164",80,"29,795",159,"28,985",336
"New York Mets","team roster","NL","East",158999270,86,76,0.531,3,6,12,"155,765,125","Robinson Cano (18)",2019,1848828.72093023,13,80,"2,442,532","30,531",81,"29,425",161,"29,975",340
"New York Mets","team roster","NL","East",186001814,77,85,0.475,3,9,20,"142,288,337","Jacob deGrom (16)",2021,2415607.97402597,13,72,"1,484,665","20,620",79,"20,723",151,"20,674",107
"New York Yankees","team roster","AL","East",228995945,85,77,0.525,3,8,15,"197,962,289","Alex Rodriguez (1)",2013,2694069.94117647,4,81,"3,279,589","40,488",80,"33,632",161,"37,082",471
"New York Yankees","team roster","AL","East",203812506,84,78,0.519,2,8,13,"228,995,945","CC Sabathia (4)",2014,2426339.35714286,3,80,"3,401,624","42,520",81,"35,512",161,"38,994",461
"New York Yankees","team roster","AL","East",213472857,87,75,0.537,2,4,9,"203,812,506","Mark Teixeira (11)",2015,2453711,4,80,"3,193,795","39,922",81,"31,322",161,"35,595",508
"New York Yankees","team roster","AL","East",227854349,84,78,0.519,4,8,15,"213,472,857","CC Sabathia (6)",2016,2712551.77380952,6,81,"3,063,405","37,819",81,"30,940",162,"34,380",516
"New York Yankees","team roster","AL","East",170389199,91,71,0.562,2,4,8,"227,854,349","CC Sabathia (8)",2017,1872408.78021978,4,79,"3,146,966","39,835",81,"32,354",160,"36,048",526
"New York Yankees","team roster","AL","East",168541038,100,62,0.617,2,3,3,"170,389,199","Giancarlo Stanton (11)",2018,1685410.38,2,81,"3,482,855","42,998",80,"30,685",161,"36,880",619
"New York Yankees","team roster","AL","East",208084848,103,59,0.636,1,2,3,"168,541,038","Giancarlo Stanton (13)",2019,2020241.24271845,3,79,"3,304,404","41,827",80,"30,759",159,"36,258",668
"New York Yankees","team roster","AL","East",201074956,92,70,0.568,3,4,8,"214,291,339","Gerrit Cole (2)",2021,2185597.34782609,8,80,"1,959,854","24,498",81,"20,612",161,"22,543",108
"Oakland Athletics","team roster","AL","West",68577000,96,66,0.593,1,2,4,"55,372,500","Chris Young (116)",2013,714343.75,23,81,"1,809,302","22,337",81,"29,308",162,"25,822",173
"Oakland Athletics","team roster","AL","West",83401400,88,74,0.543,2,5,10,"68,577,000","Yoenis Cespedes (103)",2014,947743.181818182,24,80,"2,003,628","25,045",81,"28,757",161,"26,912",187
"Oakland Athletics","team roster","AL","West",80786666,68,94,0.42,5,15,27,"83,401,400","Scott Kazmir (71)",2015,1188039.20588235,27,81,"1,768,175","21,829",81,"29,526",162,"25,677",202
"Oakland Athletics","team roster","AL","West",85823390,69,93,0.426,5,13,24,"80,786,666","Coco Crisp (99)",2016,1243817.24637681,29,81,"1,521,506","18,784",81,"29,511",162,"24,147",208
"Oakland Athletics","team roster","AL","West",70601667,75,87,0.463,5,12,21,"85,823,390","Ryan Madson (159)",2017,941355.56,29,80,"1,475,721","18,446",80,"29,466",160,"23,956",216
"Oakland Athletics","team roster","AL","West",68534631,97,65,0.599,2,4,4,"70,601,667","Khris Davis (113)",2018,706542.587628866,27,81,"1,573,616","19,427",80,"28,748",161,"24,058",210
"Oakland Athletics","team roster","AL","West",92318333,97,65,0.599,2,4,6,"68,534,631","Khris Davis (63)",2019,951735.391752577,24,81,"1,662,211","20,521",81,"27,615",162,"24,068",218
"Oakland Athletics","team roster","AL","West",82983674,86,76,0.531,3,8,13,"94,318,433","Elvis Andrus (76)",2021,964926.441860465,29,80,"701,430","8,767",81,"19,085",161,"13,958",104
"Philadelphia Phillies","team roster","NL","East",159578214,73,89,0.451,4,13,24,"174,538,938","Cliff Lee (2)",2013,2186002.93150685,8,81,"3,012,403","37,190",81,"30,463",162,"33,826",279
"Philadelphia Phillies","team roster","NL","East",180052723,73,89,0.451,5,12,23,"159,578,214","Cliff Lee (2)",2014,2466475.65753425,16,81,"2,423,852","29,924",81,"31,136",162,"30,530",265
"Philadelphia Phillies","team roster","NL","East",133048000,63,99,0.389,5,15,30,"180,052,723","Ryan Howard (4)",2015,2111873.01587302,25,78,"1,831,080","23,475",81,"30,906",159,"27,260",265
"Philadelphia Phillies","team roster","NL","East",103346668,71,91,0.438,4,11,23,"133,048,000","Ryan Howard (6)",2016,1455586.87323944,24,81,"1,915,144","23,643",81,"30,783",162,"27,213",262
"Philadelphia Phillies","team roster","NL","East",87418378,66,96,0.407,5,14,28,"103,346,668","Jeremy Hellickson (45)",2017,1324520.87878788,24,79,"1,905,354","24,118",81,"30,940",160,"27,571",325
"Philadelphia Phillies","team roster","NL","East",96848371,80,82,0.494,3,10,18,"87,418,378","Jake Arrieta (4)",2018,1210604.6375,17,79,"2,158,124","27,318",80,"28,381",159,"27,853",329
"Philadelphia Phillies","team roster","NL","East",140711962,81,81,0.5,4,9,16,"96,848,371","Jake Arrieta (15)",2019,1737184.71604938,10,81,"2,727,421","33,671",81,"28,958",162,"31,315",341
"Philadelphia Phillies","team roster","NL","East",174808832,82,80,0.506,2,7,15,"152,877,962","Bryce Harper (18)",2021,2131815.02439024,15,79,"1,515,890","19,188",79,"19,985",158,"19,587",140
"Pittsburgh Pirates","team roster","NL","Central",66289524,94,68,0.58,2,3,5,"63,431,999","AJ Burnett (28)",2013,705207.70212766,19,80,"2,256,862","28,210",81,"33,488",161,"30,865",178
"Pittsburgh Pirates","team roster","NL","Central",78111667,88,74,0.543,2,5,9,"66,289,524","Wandy Rodriguez (70)",2014,887632.579545455,15,81,"2,442,564","30,155",79,"33,316",160,"31,715",204
"Pittsburgh Pirates","team roster","NL","Central",85885832,98,64,0.605,2,2,2,"78,111,667","Francisco Liriano (96)",2015,876386.040816327,15,81,"2,498,596","30,846",81,"33,049",162,"31,947",229
"Pittsburgh Pirates","team roster","NL","Central",99960499,78,83,0.484,3,8,18,"85,885,832","Francisco Liriano (73)",2016,1281544.85897436,18,80,"2,249,021","28,112",81,"29,999",161,"29,061",244
"Pittsburgh Pirates","team roster","NL","Central",94637833,75,87,0.463,4,9,22,"99,960,499","Andrew McCutchen (67)",2017,1261837.77333333,25,81,"1,919,447","23,696",81,"32,633",162,"28,164",265
"Pittsburgh Pirates","team roster","NL","Central",87860654,82,79,0.509,4,7,14,"94,637,833","Francisco Cervelli (113)",2018,1071471.3902439,28,78,"1,465,316","18,786",81,"31,288",159,"25,155",258
"Pittsburgh Pirates","team roster","NL","Central",76589154,69,93,0.426,5,14,25,"87,860,654","Francisco Cervelli (115)",2019,1109987.73913043,27,81,"1,491,429","18,412",81,"32,070",162,"25,241",254
"Pittsburgh Pirates","team roster","NL","Central",45599000,61,101,0.377,5,14,27,"42,119,000","Gregory Polanco (103)",2021,747524.590163934,25,81,"859,498","10,611",80,"20,719",161,"15,633",116
"San Diego Padres","team roster","NL","West",71689900,76,86,0.469,4,9,18,"55,244,700","Carlos Quentin (104)",2013,943288.157894737,20,81,"2,166,691","26,749",81,"32,212",162,"29,480",189
"San Diego Padres","team roster","NL","West",90094196,77,85,0.475,3,10,20,"71,689,900","Chase Headley (102)",2014,1170054.49350649,20,81,"2,195,373","27,103",80,"32,877",161,"29,972",207
"San Diego Padres","team roster","NL","West",126619628,74,88,0.457,4,9,23,"90,094,196","Matt Kemp (21)",2015,1711076.05405405,17,81,"2,459,752","30,367",81,"31,721",162,"31,044",224
"San Diego Padres","team roster","NL","West",100547000,68,94,0.42,5,14,29,"126,619,628","Matt Kemp (18)",2016,1478632.35294118,15,81,"2,351,426","29,029",81,"32,847",162,"30,938",244
"San Diego Padres","team roster","NL","West",34574400,71,91,0.438,4,11,24,"100,547,000","Jered Weaver (330)",2017,486963.38028169,18,81,"2,138,491","26,401",81,"32,161",162,"29,281",259
"San Diego Padres","team roster","NL","West",96131798,66,96,0.407,5,14,25,"34,574,400","Eric Hosmer (34)",2018,1456542.39393939,18,80,"2,147,000","26,837",81,"30,730",161,"28,795",266
"San Diego Padres","team roster","NL","West",99205017,70,92,0.432,5,13,24,"96,131,798","Eric Hosmer (25)",2019,1417214.52857143,14,81,"2,396,399","29,585",81,"32,446",162,"31,015",277
"San Diego Padres","team roster","NL","West",175713986,79,83,0.488,3,8,17,"140,317,600","Manny Machado (5)",2021,2224227.67088608,3,81,"2,191,950","27,061",79,"22,140",160,"24,631",114
"San Francisco Giants","team roster","NL","West",142180333,76,86,0.469,3,8,19,"81,978,100","Tim Lincecum (8)",2013,1870793.85526316,3,80,"3,326,796","41,584",81,"34,977",161,"38,260",262
"San Francisco Giants","team roster","NL","West",154185878,88,74,0.543,2,4,8,"142,180,333","Matt Cain (18)",2014,1752112.25,4,81,"3,368,697","41,588",81,"32,936",162,"37,262",316
"San Francisco Giants","team roster","NL","West",166495942,84,78,0.519,2,6,12,"154,185,878","Matt Cain (23)",2015,1982094.54761905,3,81,"3,375,882","41,677",81,"34,121",162,"37,899",387
"San Francisco Giants","team roster","NL","West",171464943,87,75,0.537,2,4,9,"166,495,942","Buster Posey (24)",2016,1970861.4137931,4,81,"3,365,256","41,546",81,"32,164",162,"36,855",409
"San Francisco Giants","team roster","NL","West",176531278,64,98,0.395,5,15,30,"171,464,943","Buster Posey (21)",2017,2758301.21875,3,81,"3,303,652","40,785",81,"31,376",162,"36,081",428
"San Francisco Giants","team roster","NL","West",208509901,73,89,0.451,4,12,21,"176,531,278","Buster Posey (27)",2018,2856300.01369863,4,81,"3,156,185","38,965",81,"33,915",162,"36,440",445
"San Francisco Giants","team roster","NL","West",178286222,77,85,0.475,3,10,18,"208,509,901","Johnny Cueto (22)",2019,2315405.48051948,11,81,"2,707,760","33,429",81,"32,452",162,"32,940",462
"San Francisco Giants","team roster","NL","West",149937613,107,55,0.66,1,1,1,"144,994,027","Buster Posey (31)",2021,1401286.10280374,12,81,"1,679,484","20,734",80,"22,467",161,"21,595",151
"Seattle Mariners","team roster","AL","West",84295952,71,91,0.438,4,12,25,"117,620,683","Felix Hernandez (14)",2013,1187266.92957746,25,81,"1,761,546","21,747",81,"28,445",162,"25,096",215
"Seattle Mariners","team roster","AL","West",92081943,87,75,0.537,3,6,11,"84,295,952","Robinson Cano (5)",2014,1058413.13793103,23,81,"2,064,334","25,485",80,"28,158",161,"26,813",210
"Seattle Mariners","team roster","AL","West",123225842,76,86,0.469,4,12,20,"92,081,943","Felix Hernandez (6)",2015,1621392.65789474,21,81,"2,193,581","27,081",81,"29,052",162,"28,066",250
"Seattle Mariners","team roster","AL","West",144996858,86,76,0.531,2,7,12,"123,225,842","Felix Hernandez (6)",2016,1686009.97674419,19,81,"2,267,928","27,999",81,"28,309",162,"28,154",271
"Seattle Mariners","team roster","AL","West",155207720,78,84,0.481,3,10,17,"144,996,858","Felix Hernandez (6)",2017,1989842.56410256,19,81,"2,135,445","26,363",80,"26,797",161,"26,579",289
"Seattle Mariners","team roster","AL","West",162480174,89,73,0.549,3,7,12,"155,207,720","Felix Hernandez (10)",2018,1825619.93258427,14,81,"2,299,489","28,388",80,"27,174",161,"27,785",288
"Seattle Mariners","team roster","AL","West",150906143,69,84,0.451,5,9,20,"162,480,174","Yoenis Cespedes (8)",2019,2187045.55072464,20,81,"1,791,937","22,122",81,"26,548",162,"24,335",320
"Seattle Mariners","team roster","AL","West",83603100,90,72,0.556,2,7,11,"70,343,800","Kyle Seager (47)",2021,928923.333333333,20,81,"1,215,985","15,012",79,"16,869",160,"15,929",129
"St. Louis Cardinals","team roster","NL","Central",116702085,97,65,0.599,1,1,1,"110,300,862","Matt Holliday (30)",2013,1203114.27835052,2,81,"3,369,769","41,602",80,"32,374",161,"37,016",239
"St. Louis Cardinals","team roster","NL","Central",111020360,90,72,0.556,1,3,5,"116,702,085","Adam Wainwright (21)",2014,1233559.55555556,2,81,"3,540,649","43,711",81,"32,022",162,"37,867",283
"St. Louis Cardinals","team roster","NL","Central",120301957,100,62,0.617,1,1,1,"111,020,360","Adam Wainwright (29)",2015,1203019.57,2,81,"3,520,889","43,467",80,"31,317",161,"37,430",294
"St. Louis Cardinals","team roster","NL","Central",149186000,86,76,0.531,2,6,13,"120,301,957","Adam Wainwright (34)",2016,1734720.93023256,2,81,"3,444,490","42,524",80,"31,092",161,"36,844",300
"St. Louis Cardinals","team roster","NL","Central",146630000,83,79,0.512,3,7,12,"149,186,000","Adam Wainwright (34)",2017,1766626.5060241,2,81,"3,447,937","42,567",81,"31,324",162,"36,945",310
"St. Louis Cardinals","team roster","NL","Central",161005146,88,74,0.543,3,6,13,"146,630,000","Yadier Molina (34)",2018,1829603.93181818,3,81,"3,403,587","42,019",81,"29,274",162,"35,646",319
"St. Louis Cardinals","team roster","NL","Central",162830430,91,71,0.562,1,4,10,"161,005,146","Yadier Molina (35)",2019,1789345.38461538,2,81,"3,480,393","42,967",81,"29,447",162,"36,207",356
"St. Louis Cardinals","team roster","NL","Central",164972833,90,72,0.556,2,4,10,"160,781,766","Nolan Arenado (3)",2021,1833031.47777778,4,80,"2,102,530","26,281",81,"20,518",161,"23,382",109
"Tampa Bay Rays","team roster","AL","East",57030272,92,71,0.564,2,5,9,"64,173,500","David Price (103)",2013,619894.260869565,30,81,"1,510,300","18,645",82,"30,154",163,"24,435",167
"Tampa Bay Rays","team roster","AL","East",77062891,77,85,0.475,4,10,18,"57,030,272","David Price (60)",2014,1000816.76623377,30,81,"1,446,464","17,857",81,"28,685",162,"23,271",181
"Tampa Bay Rays","team roster","AL","East",74849584,80,82,0.494,4,10,17,"77,062,891","Evan Longoria (97)",2015,935619.8,30,81,"1,247,668","15,403",81,"28,189",162,"21,796",188
"Tampa Bay Rays","team roster","AL","East",64120323,68,94,0.42,5,14,27,"74,849,584","Evan Longoria (87)",2016,942945.926470588,30,81,"1,286,163","15,878",81,"30,093",162,"22,985",193
"Tampa Bay Rays","team roster","AL","East",69982520,80,82,0.494,3,7,14,"64,120,323","Evan Longoria (83)",2017,874781.5,30,80,"1,253,619","15,670",81,"29,898",161,"22,828",205
"Tampa Bay Rays","team roster","AL","East",78231049,90,72,0.556,3,6,10,"69,982,520","Kevin Kiermaier (226)",2018,869233.877777778,29,81,"1,154,973","14,258",80,"26,381",161,"20,282",219
"Tampa Bay Rays","team roster","AL","East",60444931,96,66,0.593,2,5,7,"78,231,049","Charlie Morton (75)",2019,629634.697916667,29,80,"1,178,735","14,734",79,"26,067",159,"20,365",228
"Tampa Bay Rays","team roster","AL","East",66820709,100,62,0.617,1,1,3,"65,812,166","Kevin Kiermaier (100)",2021,668207.09,28,80,"761,072","9,513",81,"16,339",161,"12,947",112
"Texas Rangers","team roster","AL","West",127197575,91,72,0.558,2,6,10,"120,510,974","Adrian Beltre (33)",2013,1397775.54945055,5,82,"3,178,273","38,759",81,"28,121",163,"33,473",239
"Texas Rangers","team roster","AL","West",136036172,67,95,0.414,5,15,28,"127,197,575","Prince Fielder (5)",2014,2030390.62686567,9,81,"2,718,733","33,564",81,"27,155",162,"30,360",257
"Texas Rangers","team roster","AL","West",144816873,88,74,0.543,1,3,8,"136,036,172","Josh Hamilton (4)",2015,1645646.28409091,16,81,"2,491,875","30,763",81,"29,073",162,"29,918",266
"Texas Rangers","team roster","AL","West",161246720,95,67,0.586,1,1,3,"144,816,873","Prince Fielder (10)",2016,1697333.89473684,10,81,"2,710,402","33,461",81,"27,560",162,"30,511",275
"Texas Rangers","team roster","AL","West",178431396,78,84,0.481,4,9,16,"161,246,720","Cole Hamels (11)",2017,2287582,12,81,"2,507,760","30,960",81,"26,699",162,"28,829",298
"Texas Rangers","team roster","AL","West",144498078,67,95,0.414,5,11,23,"178,431,396","Shin-Soo Choo (34)",2018,2156687.73134328,19,81,"2,107,107","26,013",81,"26,470",162,"26,241",311
"Texas Rangers","team roster","AL","West",127660652,78,84,0.481,3,8,17,"144,498,078","Jacoby Ellsbury (30)",2019,1636675.02564103,18,81,"2,133,004","26,333",80,"26,601",161,"26,466",324
"Texas Rangers","team roster","AL","West",97796971,60,102,0.37,5,14,28,"137,834,500","Chris Davis (33)",2021,1629949.51666667,5,81,"2,110,258","26,052",80,"14,444",161,"20,284",111
"Toronto Blue Jays","team roster","AL","East",118244039,74,88,0.457,5,11,23,"75,489,200","Jose Bautista (48)",2013,1597892.41891892,14,81,"2,536,562","31,315",81,"28,039",162,"29,677",203
"Toronto Blue Jays","team roster","AL","East",132628700,83,79,0.512,3,9,14,"118,244,039","Mark Buehrle (23)",2014,1597936.14457831,17,81,"2,375,525","29,327",81,"29,708",162,"29,518",218
"Toronto Blue Jays","team roster","AL","East",116415800,93,69,0.574,1,2,5,"132,628,700","Jose Reyes (14)",2015,1251782.79569892,8,81,"2,794,891","34,504",79,"27,762",160,"31,175",227
"Toronto Blue Jays","team roster","AL","East",140582027,89,73,0.549,3,4,8,"116,415,800","Troy Tulowitzki (24)",2016,1579573.33707865,3,81,"3,392,299","41,880",81,"30,065",162,"35,972",241
"Toronto Blue Jays","team roster","AL","East",162353367,76,86,0.469,4,11,19,"140,582,027","Troy Tulowitzki (27)",2017,2136228.51315789,5,81,"3,203,886","39,554",81,"29,912",162,"34,733",278
"Toronto Blue Jays","team roster","AL","East",162664502,73,89,0.451,4,10,22,"162,353,367","Russell Martin (34)",2018,2228280.84931507,13,80,"2,325,281","29,066",80,"25,152",160,"27,109",274
"Toronto Blue Jays","team roster","AL","East",112037006,67,95,0.414,4,12,26,"162,664,502","Justin Smoak (169)",2019,1672194.11940299,22,81,"1,750,144","21,606",81,"25,904",162,"23,755",265
"Toronto Blue Jays","team roster","AL","East",139646569,91,71,0.562,4,6,9,"92,582,371","George Springer (25)",2021,1534577.68131868,27,80,"809,557","10,119",78,"16,398",158,"13,219",116
"Washington Nationals","team roster","NL","East",112431770,86,76,0.531,2,6,13,"81,336,143","Jayson Werth (27)",2013,1307346.1627907,11,81,"2,652,422","32,745",81,"30,597",162,"31,671",225
"Washington Nationals","team roster","NL","East",134704437,96,66,0.593,1,1,2,"112,431,770","Jayson Werth (19)",2014,1403171.21875,12,81,"2,579,389","31,844",81,"29,864",162,"30,854",244
"Washington Nationals","team roster","NL","East",174510977,83,79,0.512,2,7,13,"134,704,437","Jayson Werth (19)",2015,2102541.89156626,11,81,"2,619,843","32,343",80,"30,230",161,"31,293",287
"Washington Nationals","team roster","NL","East",146686385,95,67,0.586,1,2,2,"174,510,977","Jayson Werth (20)",2016,1544067.21052632,14,81,"2,481,938","30,641",81,"29,664",162,"30,152",293
"Washington Nationals","team roster","NL","East",162742157,97,65,0.599,1,2,4,"146,686,385","Jayson Werth (23)",2017,1677754.19587629,11,81,"2,524,980","31,172",81,"29,967",162,"30,570",304
"Washington Nationals","team roster","NL","East",181586759,82,80,0.506,2,8,16,"162,742,157","Bryce Harper (24)",2018,2214472.67073171,11,80,"2,529,604","31,620",80,"28,102",160,"29,861",311
"Washington Nationals","team roster","NL","East",161877935,93,69,0.574,2,3,9,"181,586,759","Max Scherzer (1)",2019,1740622.95698925,16,81,"2,259,781","27,898",81,"29,054",162,"28,476",336
"Washington Nationals","team roster","NL","East",179557685,65,97,0.401,5,13,26,"159,242,411","Max Scherzer (4)",2021,2762425.92307692,18,80,"1,465,543","18,319",78,"17,401",158,"17,866",119
